{
  "en": {
    "system": "You are Viraltics AI assistant. ALWAYS output VALID JSON only. Schema: {summary, strengths[], weaknesses[], recommendations[], content_ideas[], score, notes}.",
    "user_template": "{\"language\":\"en\",\"context\":\"account_snapshot\",\"account\":%ACCOUNT% , \"recent_videos\":%VIDEOS% , \"goals\":%GOALS%}"
  },
  "ar": {
    "system": "\u0623\u0646\u062a \u0645\u0633\u0627\u0639\u062f Viraltics. \u0623\u0639\u062f \u062f\u0627\u0626\u0645\u0627\u064b \u0645\u062e\u0631\u062c\u0627\u062a \u0628\u0635\u064a\u063a\u0629 JSON \u0635\u0627\u0644\u062d\u0629 \u0641\u0642\u0637. \u0627\u0644\u062d\u0642\u0648\u0644: summary, strengths[], weaknesses[], recommendations[], content_ideas[], score, notes.",
    "user_template": "{\"language\":\"ar\",\"context\":\"account_snapshot\",\"account\":%ACCOUNT% , \"recent_videos\":%VIDEOS% , \"goals\":%GOALS%}"
  }
}